{"entityTypes":[{"id":"22fe722f-7c9b-465a-8903-8a1f6e77ec8c","label":"REQUIRED_USER_ACTION","sireProp":{"mentionType":null,"subtypes":null,"roles":["22fe722f-7c9b-465a-8903-8a1f6e77ec8c","7db5fd99-d5b9-4d29-a410-64984fefbe14"],"clazz":null,"color":null,"hotkey":null,"backGroundColor":null,"active":true,"roleOnly":false},"creationDate":1544224377980,"source":null,"modifiedDate":0,"typeType":null,"typeClass":null,"typeVersion":null,"typeDesc":null,"typeSuperType":null,"typeSuperTypeId":null,"typeCreateDate":null,"typeUpdateDate":null,"typeProvenance":null,"alchemyAPITypes":null,"nluAPITypes":null},{"id":"84fd46f9-9ce4-4227-ad82-80fcc7ce03f9","label":"VULNERABILITY_STATUS","sireProp":{"mentionType":null,"subtypes":["ACTIVE","DISPUTED","UNKNOWN","PATCHED"],"roles":["84fd46f9-9ce4-4227-ad82-80fcc7ce03f9"],"clazz":null,"color":null,"hotkey":null,"backGroundColor":null,"active":true,"roleOnly":false},"creationDate":1544223777289,"source":null,"modifiedDate":0,"typeType":null,"typeClass":null,"typeVersion":null,"typeDesc":null,"typeSuperType":null,"typeSuperTypeId":null,"typeCreateDate":null,"typeUpdateDate":null,"typeProvenance":null,"alchemyAPITypes":null,"nluAPITypes":null},{"id":"f40ec421-446d-4fcc-bc85-338ff856f8c3","label":"TEST_KNOWLEDGE_STATUS","sireProp":{"mentionType":null,"subtypes":["PASSED","FAILED"],"roles":["f40ec421-446d-4fcc-bc85-338ff856f8c3"],"clazz":null,"color":null,"hotkey":null,"backGroundColor":null,"active":false,"roleOnly":false},"creationDate":1542241528548,"source":null,"modifiedDate":0,"typeType":null,"typeClass":null,"typeVersion":null,"typeDesc":null,"typeSuperType":null,"typeSuperTypeId":null,"typeCreateDate":null,"typeUpdateDate":null,"typeProvenance":null,"alchemyAPITypes":null,"nluAPITypes":null},{"id":"d0ecd7b5-61d0-41ca-8baa-89f0664ea16b","label":"GUIDED_CONCEPTUAL_KNOWLEDGE","sireProp":{"mentionType":null,"subtypes":["PAIR_1","PAIR_2"],"roles":["d0ecd7b5-61d0-41ca-8baa-89f0664ea16b"],"clazz":null,"color":null,"hotkey":null,"backGroundColor":null,"active":false,"roleOnly":false},"creationDate":1542241409440,"source":null,"modifiedDate":0,"typeType":null,"typeClass":null,"typeVersion":null,"typeDesc":null,"typeSuperType":null,"typeSuperTypeId":null,"typeCreateDate":null,"typeUpdateDate":null,"typeProvenance":null,"alchemyAPITypes":null,"nluAPITypes":null},{"id":"4015cb50-e974-422f-8500-dc84581f119a","label":"CONCEPTUAL_KNOWLEDGE","sireProp":{"mentionType":null,"subtypes":["CONTEXT_C","THEATER_C","IMPACT_C","BARRIER_C"],"roles":["4015cb50-e974-422f-8500-dc84581f119a"],"clazz":null,"color":null,"hotkey":null,"backGroundColor":null,"active":false,"roleOnly":false},"creationDate":1542241376139,"source":null,"modifiedDate":0,"typeType":null,"typeClass":null,"typeVersion":null,"typeDesc":null,"typeSuperType":null,"typeSuperTypeId":null,"typeCreateDate":null,"typeUpdateDate":null,"typeProvenance":null,"alchemyAPITypes":null,"nluAPITypes":null},{"id":"73c5a607-98ae-46fc-8171-ba9a78103f1c","label":"VERSION","sireProp":{"mentionType":null,"subtypes":null,"roles":["73c5a607-98ae-46fc-8171-ba9a78103f1c"],"clazz":null,"color":null,"hotkey":null,"backGroundColor":null,"active":true,"roleOnly":false},"creationDate":1541958748260,"source":null,"modifiedDate":0,"typeType":null,"typeClass":null,"typeVersion":null,"typeDesc":null,"typeSuperType":null,"typeSuperTypeId":null,"typeCreateDate":null,"typeUpdateDate":null,"typeProvenance":null,"alchemyAPITypes":null,"nluAPITypes":null},{"id":"7e374687-cdc1-4cb3-bea4-7c1920602680","label":"PRODUCT","sireProp":{"mentionType":null,"subtypes":null,"roles":["c1c1245a-31cf-4799-8004-059384457ba9","7e374687-cdc1-4cb3-bea4-7c1920602680"],"clazz":null,"color":null,"hotkey":null,"backGroundColor":null,"active":true,"roleOnly":false},"creationDate":1541958716685,"source":null,"modifiedDate":0,"typeType":null,"typeClass":null,"typeVersion":null,"typeDesc":null,"typeSuperType":null,"typeSuperTypeId":null,"typeCreateDate":null,"typeUpdateDate":null,"typeProvenance":null,"alchemyAPITypes":null,"nluAPITypes":null},{"id":"8844d856-3e85-414f-8c85-880579873a60","label":"VENDOR","sireProp":{"mentionType":null,"subtypes":null,"roles":["c1c1245a-31cf-4799-8004-059384457ba9","8844d856-3e85-414f-8c85-880579873a60"],"clazz":null,"color":null,"hotkey":null,"backGroundColor":null,"active":true,"roleOnly":false},"creationDate":1541958623550,"source":null,"modifiedDate":0,"typeType":null,"typeClass":null,"typeVersion":null,"typeDesc":null,"typeSuperType":null,"typeSuperTypeId":null,"typeCreateDate":null,"typeUpdateDate":null,"typeProvenance":null,"alchemyAPITypes":null,"nluAPITypes":null},{"id":"1d144624-9f30-4364-a2ef-fdf4f89c70c2","label":"VULNERABILITY","sireProp":{"mentionType":null,"subtypes":["ID","BASE_SCORE","SECTOR_OF_INTEREST"],"roles":["1d144624-9f30-4364-a2ef-fdf4f89c70c2"],"clazz":null,"color":null,"hotkey":null,"backGroundColor":null,"active":true,"roleOnly":false},"creationDate":1541911308320,"source":null,"modifiedDate":0,"typeType":null,"typeClass":null,"typeVersion":null,"typeDesc":null,"typeSuperType":null,"typeSuperTypeId":null,"typeCreateDate":null,"typeUpdateDate":null,"typeProvenance":null,"alchemyAPITypes":null,"nluAPITypes":null},{"id":"7c509cad-8e0d-44c3-9bba-c7ca3a37c4c5","label":"PRE_COND_REQUIRED","sireProp":{"mentionType":null,"subtypes":null,"roles":["db20cd7a-e2c0-47a6-bcb7-e0c7dc75d2d6","7c509cad-8e0d-44c3-9bba-c7ca3a37c4c5"],"clazz":null,"color":null,"hotkey":null,"backGroundColor":null,"active":true,"roleOnly":false},"creationDate":1541910948742,"source":null,"modifiedDate":0,"typeType":null,"typeClass":null,"typeVersion":null,"typeDesc":null,"typeSuperType":null,"typeSuperTypeId":null,"typeCreateDate":null,"typeUpdateDate":null,"typeProvenance":null,"alchemyAPITypes":null,"nluAPITypes":null},{"id":"1341c1ab-1fef-4caf-93d3-b6e9b73f14b0","label":"PRIVILEGE_LEVEL","sireProp":{"mentionType":null,"subtypes":["ANONYMOUS","USER","POWER_USER","ADMIN","GENERIC_TRUST"],"roles":["1341c1ab-1fef-4caf-93d3-b6e9b73f14b0"],"clazz":null,"color":null,"hotkey":null,"backGroundColor":null,"active":true,"roleOnly":false},"creationDate":1541910920642,"source":null,"modifiedDate":0,"typeType":null,"typeClass":null,"typeVersion":null,"typeDesc":null,"typeSuperType":null,"typeSuperTypeId":null,"typeCreateDate":null,"typeUpdateDate":null,"typeProvenance":null,"alchemyAPITypes":null,"nluAPITypes":null},{"id":"93bc6558-b6ed-4a8a-bc42-ed02b75f2359","label":"PRIVILEGE_REQUIRED","sireProp":{"mentionType":null,"subtypes":["MULTI_AUTH","PRIV_ESCALATION"],"roles":["db20cd7a-e2c0-47a6-bcb7-e0c7dc75d2d6","93bc6558-b6ed-4a8a-bc42-ed02b75f2359"],"clazz":null,"color":null,"hotkey":null,"backGroundColor":null,"active":true,"roleOnly":false},"creationDate":1541910855103,"source":null,"modifiedDate":0,"typeType":null,"typeClass":null,"typeVersion":null,"typeDesc":null,"typeSuperType":null,"typeSuperTypeId":null,"typeCreateDate":null,"typeUpdateDate":null,"typeProvenance":null,"alchemyAPITypes":null,"nluAPITypes":null},{"id":"39305f25-37f8-4e7f-9542-784f9f991b82","label":"ENVIRONMENT_COND","sireProp":{"mentionType":null,"subtypes":null,"roles":["db20cd7a-e2c0-47a6-bcb7-e0c7dc75d2d6","39305f25-37f8-4e7f-9542-784f9f991b82"],"clazz":null,"color":null,"hotkey":null,"backGroundColor":null,"active":true,"roleOnly":false},"creationDate":1541910789840,"source":null,"modifiedDate":0,"typeType":null,"typeClass":null,"typeVersion":null,"typeDesc":null,"typeSuperType":null,"typeSuperTypeId":null,"typeCreateDate":null,"typeUpdateDate":null,"typeProvenance":null,"alchemyAPITypes":null,"nluAPITypes":null},{"id":"7db5fd99-d5b9-4d29-a410-64984fefbe14","label":"SPECIAL_CONDITION","sireProp":{"mentionType":null,"subtypes":null,"roles":["db20cd7a-e2c0-47a6-bcb7-e0c7dc75d2d6","7db5fd99-d5b9-4d29-a410-64984fefbe14"],"clazz":null,"color":null,"hotkey":null,"backGroundColor":null,"active":true,"roleOnly":false},"creationDate":1541910765780,"source":null,"modifiedDate":0,"typeType":null,"typeClass":null,"typeVersion":null,"typeDesc":null,"typeSuperType":null,"typeSuperTypeId":null,"typeCreateDate":null,"typeUpdateDate":null,"typeProvenance":null,"alchemyAPITypes":null,"nluAPITypes":null},{"id":"e2dc5003-7c46-4dab-9124-ce5cd669159e","label":"RACE_CONDITION","sireProp":{"mentionType":null,"subtypes":["NO_CONTROL","PARTIAL_CONTROL","FULL_CONTROL"],"roles":["db20cd7a-e2c0-47a6-bcb7-e0c7dc75d2d6","e2dc5003-7c46-4dab-9124-ce5cd669159e"],"clazz":null,"color":null,"hotkey":null,"backGroundColor":null,"active":true,"roleOnly":false},"creationDate":1541910743910,"source":null,"modifiedDate":0,"typeType":null,"typeClass":null,"typeVersion":null,"typeDesc":null,"typeSuperType":null,"typeSuperTypeId":null,"typeCreateDate":null,"typeUpdateDate":null,"typeProvenance":null,"alchemyAPITypes":null,"nluAPITypes":null},{"id":"5841d109-4f92-4764-af0d-6352487e988b","label":"SOCIAL_ENG","sireProp":{"mentionType":null,"subtypes":["MALICIOUS_LINK","MALICIOUS_APP","MALICIOUS_FILE","MALICIOUS_WEB_CONTENT"],"roles":["db20cd7a-e2c0-47a6-bcb7-e0c7dc75d2d6","5841d109-4f92-4764-af0d-6352487e988b"],"clazz":null,"color":null,"hotkey":null,"backGroundColor":null,"active":true,"roleOnly":false},"creationDate":1541910696429,"source":null,"modifiedDate":0,"typeType":null,"typeClass":null,"typeVersion":null,"typeDesc":null,"typeSuperType":null,"typeSuperTypeId":null,"typeCreateDate":null,"typeUpdateDate":null,"typeProvenance":null,"alchemyAPITypes":null,"nluAPITypes":null},{"id":"db20cd7a-e2c0-47a6-bcb7-e0c7dc75d2d6","label":"BARRIER","sireProp":{"mentionType":null,"subtypes":null,"roles":["db20cd7a-e2c0-47a6-bcb7-e0c7dc75d2d6"],"clazz":null,"color":null,"hotkey":null,"backGroundColor":null,"active":true,"roleOnly":false},"creationDate":1541910605786,"source":null,"modifiedDate":0,"typeType":null,"typeClass":null,"typeVersion":null,"typeDesc":null,"typeSuperType":null,"typeSuperTypeId":null,"typeCreateDate":null,"typeUpdateDate":null,"typeProvenance":null,"alchemyAPITypes":null,"nluAPITypes":null},{"id":"c1c1245a-31cf-4799-8004-059384457ba9","label":"SCENARIO","sireProp":{"mentionType":null,"subtypes":["VERSION","UPDATE","LANGUAGE","TARGET_SOFTWARE","TARGET_HARDWARE"],"roles":["c1c1245a-31cf-4799-8004-059384457ba9"],"clazz":null,"color":null,"hotkey":null,"backGroundColor":null,"active":true,"roleOnly":false},"creationDate":1541910372216,"source":null,"modifiedDate":0,"typeType":null,"typeClass":null,"typeVersion":null,"typeDesc":null,"typeSuperType":null,"typeSuperTypeId":null,"typeCreateDate":null,"typeUpdateDate":null,"typeProvenance":null,"alchemyAPITypes":null,"nluAPITypes":null},{"id":"aa6ed302-f1ce-4562-ac59-de79256fde5e","label":"SCOPE","sireProp":{"mentionType":null,"subtypes":["LIMITED_LOW","LIMITED_HIGH","UNLIMITED"],"roles":["aa6ed302-f1ce-4562-ac59-de79256fde5e"],"clazz":null,"color":null,"hotkey":null,"backGroundColor":null,"active":true,"roleOnly":false},"creationDate":1541910235926,"source":null,"modifiedDate":0,"typeType":null,"typeClass":null,"typeVersion":null,"typeDesc":null,"typeSuperType":null,"typeSuperTypeId":null,"typeCreateDate":null,"typeUpdateDate":null,"typeProvenance":null,"alchemyAPITypes":null,"nluAPITypes":null},{"id":"ef5a485c-154e-4587-8fb8-4814deea8d97","label":"LOGICAL_IMPACT","sireProp":{"mentionType":null,"subtypes":["DIRECT_READ","DIRECT_WRITE","PRIVILEGE_ESCALATION","SERVICE_INTERUPT","INDIRECT_DISCLOSURE","RESOURCE_REMOVAL"],"roles":["a6c11ffe-2275-45ad-a355-c598556f1b82","49caac43-3339-4e3b-9804-95e7d6e50590","ef5a485c-154e-4587-8fb8-4814deea8d97"],"clazz":null,"color":null,"hotkey":null,"backGroundColor":null,"active":true,"roleOnly":false},"creationDate":1541910155552,"source":null,"modifiedDate":0,"typeType":null,"typeClass":null,"typeVersion":null,"typeDesc":null,"typeSuperType":null,"typeSuperTypeId":null,"typeCreateDate":null,"typeUpdateDate":null,"typeProvenance":null,"alchemyAPITypes":null,"nluAPITypes":null},{"id":"eb887156-0f7a-4587-8f3a-5a918f179591","label":"CODE_EXEC","sireProp":{"mentionType":null,"subtypes":null,"roles":["a6c11ffe-2275-45ad-a355-c598556f1b82","49caac43-3339-4e3b-9804-95e7d6e50590","eb887156-0f7a-4587-8f3a-5a918f179591"],"clazz":null,"color":null,"hotkey":null,"backGroundColor":null,"active":true,"roleOnly":false},"creationDate":1541909818960,"source":null,"modifiedDate":0,"typeType":null,"typeClass":null,"typeVersion":null,"typeDesc":null,"typeSuperType":null,"typeSuperTypeId":null,"typeCreateDate":null,"typeUpdateDate":null,"typeProvenance":null,"alchemyAPITypes":null,"nluAPITypes":null},{"id":"c54dfb6c-a96d-40ed-a3b6-f53d7ba0ea09","label":"MAN_IN_MIDDLE","sireProp":{"mentionType":null,"subtypes":null,"roles":["a6c11ffe-2275-45ad-a355-c598556f1b82","49caac43-3339-4e3b-9804-95e7d6e50590","c54dfb6c-a96d-40ed-a3b6-f53d7ba0ea09"],"clazz":null,"color":null,"hotkey":null,"backGroundColor":null,"active":true,"roleOnly":false},"creationDate":1541909796029,"source":null,"modifiedDate":0,"typeType":null,"typeClass":null,"typeVersion":null,"typeDesc":null,"typeSuperType":null,"typeSuperTypeId":null,"typeCreateDate":null,"typeUpdateDate":null,"typeProvenance":null,"alchemyAPITypes":null,"nluAPITypes":null},{"id":"9aad04e2-fc95-45da-bcce-cae96bf24182","label":"AUTH_BYPASS","sireProp":{"mentionType":null,"subtypes":null,"roles":["a6c11ffe-2275-45ad-a355-c598556f1b82","49caac43-3339-4e3b-9804-95e7d6e50590","9aad04e2-fc95-45da-bcce-cae96bf24182"],"clazz":null,"color":null,"hotkey":null,"backGroundColor":null,"active":true,"roleOnly":false},"creationDate":1541909763223,"source":null,"modifiedDate":0,"typeType":null,"typeClass":null,"typeVersion":null,"typeDesc":null,"typeSuperType":null,"typeSuperTypeId":null,"typeCreateDate":null,"typeUpdateDate":null,"typeProvenance":null,"alchemyAPITypes":null,"nluAPITypes":null},{"id":"4edb1670-164a-4fa0-9945-23de2fae878a","label":"PHYSICAL_IMPACT","sireProp":{"mentionType":null,"subtypes":["RESOURCE_CONSUMPTION","PROPERTY_DAMAGE","HUMAN_INJURY"],"roles":["a6c11ffe-2275-45ad-a355-c598556f1b82","49caac43-3339-4e3b-9804-95e7d6e50590","4edb1670-164a-4fa0-9945-23de2fae878a"],"clazz":null,"color":null,"hotkey":null,"backGroundColor":null,"active":true,"roleOnly":false},"creationDate":1541904950753,"source":null,"modifiedDate":0,"typeType":null,"typeClass":null,"typeVersion":null,"typeDesc":null,"typeSuperType":null,"typeSuperTypeId":null,"typeCreateDate":null,"typeUpdateDate":null,"typeProvenance":null,"alchemyAPITypes":null,"nluAPITypes":null},{"id":"b96728c0-fceb-4585-8cd8-0ac48e1a12cf","label":"TRUST_FAILURE","sireProp":{"mentionType":null,"subtypes":["RX_FAILED","TX_FAILED","CONTENT_FAILED","TRUST_FAILED"],"roles":["a6c11ffe-2275-45ad-a355-c598556f1b82","49caac43-3339-4e3b-9804-95e7d6e50590","b96728c0-fceb-4585-8cd8-0ac48e1a12cf"],"clazz":null,"color":null,"hotkey":null,"backGroundColor":null,"active":true,"roleOnly":false},"creationDate":1541904861533,"source":null,"modifiedDate":0,"typeType":null,"typeClass":null,"typeVersion":null,"typeDesc":null,"typeSuperType":null,"typeSuperTypeId":null,"typeCreateDate":null,"typeUpdateDate":null,"typeProvenance":null,"alchemyAPITypes":null,"nluAPITypes":null},{"id":"f1cc4a6c-29fb-48dc-ac25-c95c05357a26","label":"CONTEXT_ESCAPE","sireProp":{"mentionType":null,"subtypes":null,"roles":["a6c11ffe-2275-45ad-a355-c598556f1b82","49caac43-3339-4e3b-9804-95e7d6e50590","f1cc4a6c-29fb-48dc-ac25-c95c05357a26"],"clazz":null,"color":null,"hotkey":null,"backGroundColor":null,"active":true,"roleOnly":false},"creationDate":1541904793009,"source":null,"modifiedDate":0,"typeType":null,"typeClass":null,"typeVersion":null,"typeDesc":null,"typeSuperType":null,"typeSuperTypeId":null,"typeCreateDate":null,"typeUpdateDate":null,"typeProvenance":null,"alchemyAPITypes":null,"nluAPITypes":null},{"id":"a6c11ffe-2275-45ad-a355-c598556f1b82","label":"IMPACT_METHOD","sireProp":{"mentionType":null,"subtypes":null,"roles":["49caac43-3339-4e3b-9804-95e7d6e50590","a6c11ffe-2275-45ad-a355-c598556f1b82"],"clazz":null,"color":null,"hotkey":null,"backGroundColor":null,"active":true,"roleOnly":false},"creationDate":1541904279776,"source":null,"modifiedDate":0,"typeType":null,"typeClass":null,"typeVersion":null,"typeDesc":null,"typeSuperType":null,"typeSuperTypeId":null,"typeCreateDate":null,"typeUpdateDate":null,"typeProvenance":null,"alchemyAPITypes":null,"nluAPITypes":null},{"id":"5ddff2ca-96be-4769-8cb9-5ea7efe7a02e","label":"ENTITY_ROLE","sireProp":{"mentionType":null,"subtypes":["VULNERABLE","PRIMARY_AUTH","SECONDARY_AUTH"],"roles":["49caac43-3339-4e3b-9804-95e7d6e50590","5ddff2ca-96be-4769-8cb9-5ea7efe7a02e"],"clazz":null,"color":null,"hotkey":null,"backGroundColor":null,"active":true,"roleOnly":false},"creationDate":1541904066731,"source":null,"modifiedDate":0,"typeType":null,"typeClass":null,"typeVersion":null,"typeDesc":null,"typeSuperType":null,"typeSuperTypeId":null,"typeCreateDate":null,"typeUpdateDate":null,"typeProvenance":null,"alchemyAPITypes":null,"nluAPITypes":null},{"id":"ed98c0df-23ad-44bc-a60e-0c3a6a1cb107","label":"HARDWARE","sireProp":{"mentionType":null,"subtypes":null,"roles":["49caac43-3339-4e3b-9804-95e7d6e50590","ed98c0df-23ad-44bc-a60e-0c3a6a1cb107"],"clazz":null,"color":null,"hotkey":null,"backGroundColor":null,"active":true,"roleOnly":false},"creationDate":1541903770287,"source":null,"modifiedDate":0,"typeType":null,"typeClass":null,"typeVersion":null,"typeDesc":null,"typeSuperType":null,"typeSuperTypeId":null,"typeCreateDate":null,"typeUpdateDate":null,"typeProvenance":null,"alchemyAPITypes":null,"nluAPITypes":null},{"id":"e7a5c640-d7a2-43fb-8ae6-fbef4e6e0cbc","label":"CHANNEL","sireProp":{"mentionType":null,"subtypes":null,"roles":["49caac43-3339-4e3b-9804-95e7d6e50590","e7a5c640-d7a2-43fb-8ae6-fbef4e6e0cbc"],"clazz":null,"color":null,"hotkey":null,"backGroundColor":null,"active":true,"roleOnly":false},"creationDate":1541903756226,"source":null,"modifiedDate":0,"typeType":null,"typeClass":null,"typeVersion":null,"typeDesc":null,"typeSuperType":null,"typeSuperTypeId":null,"typeCreateDate":null,"typeUpdateDate":null,"typeProvenance":null,"alchemyAPITypes":null,"nluAPITypes":null},{"id":"e17ce8c7-6f45-4274-9495-0ea0c2e711c2","label":"HYPERVISOR","sireProp":{"mentionType":null,"subtypes":null,"roles":["49caac43-3339-4e3b-9804-95e7d6e50590","e17ce8c7-6f45-4274-9495-0ea0c2e711c2"],"clazz":null,"color":null,"hotkey":null,"backGroundColor":null,"active":true,"roleOnly":false},"creationDate":1541903739513,"source":null,"modifiedDate":0,"typeType":null,"typeClass":null,"typeVersion":null,"typeDesc":null,"typeSuperType":null,"typeSuperTypeId":null,"typeCreateDate":null,"typeUpdateDate":null,"typeProvenance":null,"alchemyAPITypes":null,"nluAPITypes":null},{"id":"3a9abfd2-595f-4e5c-9da0-8cedc7f5fed1","label":"APPLICATION","sireProp":{"mentionType":null,"subtypes":["WEB_SERVER","DATABASE"],"roles":["49caac43-3339-4e3b-9804-95e7d6e50590","3a9abfd2-595f-4e5c-9da0-8cedc7f5fed1"],"clazz":null,"color":null,"hotkey":null,"backGroundColor":null,"active":true,"roleOnly":false},"creationDate":1541903715419,"source":null,"modifiedDate":0,"typeType":null,"typeClass":null,"typeVersion":null,"typeDesc":null,"typeSuperType":null,"typeSuperTypeId":null,"typeCreateDate":null,"typeUpdateDate":null,"typeProvenance":null,"alchemyAPITypes":null,"nluAPITypes":null},{"id":"fe98e85e-68c5-4ea7-b228-f2f15a34e711","label":"FIRMWARE","sireProp":{"mentionType":null,"subtypes":null,"roles":["49caac43-3339-4e3b-9804-95e7d6e50590","fe98e85e-68c5-4ea7-b228-f2f15a34e711"],"clazz":null,"color":null,"hotkey":null,"backGroundColor":null,"active":true,"roleOnly":false},"creationDate":1541903631093,"source":null,"modifiedDate":0,"typeType":null,"typeClass":null,"typeVersion":null,"typeDesc":null,"typeSuperType":null,"typeSuperTypeId":null,"typeCreateDate":null,"typeUpdateDate":null,"typeProvenance":null,"alchemyAPITypes":null,"nluAPITypes":null},{"id":"64981c1a-f1e2-4adb-8df5-37edba20e524","label":"GUEST_OS","sireProp":{"mentionType":null,"subtypes":null,"roles":["49caac43-3339-4e3b-9804-95e7d6e50590","64981c1a-f1e2-4adb-8df5-37edba20e524"],"clazz":null,"color":null,"hotkey":null,"backGroundColor":null,"active":true,"roleOnly":false},"creationDate":1541903591918,"source":null,"modifiedDate":0,"typeType":null,"typeClass":null,"typeVersion":null,"typeDesc":null,"typeSuperType":null,"typeSuperTypeId":null,"typeCreateDate":null,"typeUpdateDate":null,"typeProvenance":null,"alchemyAPITypes":null,"nluAPITypes":null},{"id":"df1209a3-cae4-4d4d-9ce9-6366d0afe915","label":"HOST_OS","sireProp":{"mentionType":null,"subtypes":null,"roles":["49caac43-3339-4e3b-9804-95e7d6e50590","df1209a3-cae4-4d4d-9ce9-6366d0afe915"],"clazz":null,"color":null,"hotkey":null,"backGroundColor":null,"active":true,"roleOnly":false},"creationDate":1541903531667,"source":null,"modifiedDate":0,"typeType":null,"typeClass":null,"typeVersion":null,"typeDesc":null,"typeSuperType":null,"typeSuperTypeId":null,"typeCreateDate":null,"typeUpdateDate":null,"typeProvenance":null,"alchemyAPITypes":null,"nluAPITypes":null},{"id":"49caac43-3339-4e3b-9804-95e7d6e50590","label":"CONTEXT","sireProp":{"mentionType":null,"subtypes":null,"roles":["49caac43-3339-4e3b-9804-95e7d6e50590"],"clazz":null,"color":null,"hotkey":null,"backGroundColor":null,"active":true,"roleOnly":false},"creationDate":1541903337192,"source":null,"modifiedDate":0,"typeType":null,"typeClass":null,"typeVersion":null,"typeDesc":null,"typeSuperType":null,"typeSuperTypeId":null,"typeCreateDate":null,"typeUpdateDate":null,"typeProvenance":null,"alchemyAPITypes":null,"nluAPITypes":null},{"id":"915a4083-b1d8-40d5-b83a-65b06e4a2cc3","label":"THEATER_PHYSICAL","sireProp":{"mentionType":null,"subtypes":null,"roles":["915a4083-b1d8-40d5-b83a-65b06e4a2cc3"],"clazz":null,"color":null,"hotkey":null,"backGroundColor":null,"active":true,"roleOnly":false},"creationDate":1541903186795,"source":null,"modifiedDate":0,"typeType":null,"typeClass":null,"typeVersion":null,"typeDesc":null,"typeSuperType":null,"typeSuperTypeId":null,"typeCreateDate":null,"typeUpdateDate":null,"typeProvenance":null,"alchemyAPITypes":null,"nluAPITypes":null},{"id":"7747dfd5-368e-40c1-a421-a6cc16cfa7df","label":"THEATER_LOCAL","sireProp":{"mentionType":null,"subtypes":null,"roles":["7747dfd5-368e-40c1-a421-a6cc16cfa7df"],"clazz":null,"color":null,"hotkey":null,"backGroundColor":null,"active":true,"roleOnly":false},"creationDate":1541903174626,"source":null,"modifiedDate":0,"typeType":null,"typeClass":null,"typeVersion":null,"typeDesc":null,"typeSuperType":null,"typeSuperTypeId":null,"typeCreateDate":null,"typeUpdateDate":null,"typeProvenance":null,"alchemyAPITypes":null,"nluAPITypes":null},{"id":"9e8cd692-5438-4c44-8b06-a5f5f40d4b18","label":"THEATER_LIMITED_REMOTE","sireProp":{"mentionType":null,"subtypes":["CELLULAR","WIRELESS","BLUETOOTH","LINE_OF_SIGHT"],"roles":["9e8cd692-5438-4c44-8b06-a5f5f40d4b18"],"clazz":null,"color":null,"hotkey":null,"backGroundColor":null,"active":true,"roleOnly":false},"creationDate":1541903063169,"source":null,"modifiedDate":0,"typeType":null,"typeClass":null,"typeVersion":null,"typeDesc":null,"typeSuperType":null,"typeSuperTypeId":null,"typeCreateDate":null,"typeUpdateDate":null,"typeProvenance":null,"alchemyAPITypes":null,"nluAPITypes":null},{"id":"0baa001f-977c-489c-a73f-2f1e09624fa5","label":"THEATER_REMOTE","sireProp":{"mentionType":null,"subtypes":["LOCAL_NET","INTRA_NET","INTER_NET"],"roles":["0baa001f-977c-489c-a73f-2f1e09624fa5"],"clazz":null,"color":null,"hotkey":null,"backGroundColor":null,"active":true,"roleOnly":false},"creationDate":1541902400359,"source":null,"modifiedDate":0,"typeType":null,"typeClass":null,"typeVersion":null,"typeDesc":null,"typeSuperType":null,"typeSuperTypeId":null,"typeCreateDate":null,"typeUpdateDate":null,"typeProvenance":null,"alchemyAPITypes":null,"nluAPITypes":null}],"relationshipTypes":[{"id":"8bc9bf11-04cf-4d92-b8f2-70d3cae8066c","srcEntType":"915a4083-b1d8-40d5-b83a-65b06e4a2cc3","tgtEntType":"c1c1245a-31cf-4799-8004-059384457ba9","label":"is_physical_theater_of","sireProp":{"tense":null,"modality":null,"clazz":null,"backGroundColor":null,"color":null,"hotkey":null,"active":true},"creationDate":1541956856649,"source":null,"typeType":null,"typeClass":null,"typeVersion":null,"typeDesc":null,"typeSuperType":null,"typeCreateDate":null,"typeUpdateDate":null,"typeProvenance":null,"modifiedDate":0},{"id":"b6dffd81-84c5-40da-9152-97c85fc24eb2","srcEntType":"ef5a485c-154e-4587-8fb8-4814deea8d97","tgtEntType":"1d144624-9f30-4364-a2ef-fdf4f89c70c2","label":"is_the_impact_of","sireProp":{"tense":null,"modality":null,"clazz":null,"backGroundColor":null,"color":null,"hotkey":null,"active":true},"creationDate":1541957576319,"source":null,"typeType":null,"typeClass":null,"typeVersion":null,"typeDesc":null,"typeSuperType":null,"typeCreateDate":null,"typeUpdateDate":null,"typeProvenance":null,"modifiedDate":0},{"id":"fe3d726f-366b-4a40-afc2-704a7f6cf6b7","srcEntType":"9e8cd692-5438-4c44-8b06-a5f5f40d4b18","tgtEntType":"1d144624-9f30-4364-a2ef-fdf4f89c70c2","label":"is_limited_remote_theater_of","sireProp":{"tense":null,"modality":null,"clazz":null,"backGroundColor":null,"color":null,"hotkey":null,"active":true},"creationDate":1541956790098,"source":null,"typeType":null,"typeClass":null,"typeVersion":null,"typeDesc":null,"typeSuperType":null,"typeCreateDate":null,"typeUpdateDate":null,"typeProvenance":null,"modifiedDate":0},{"id":"c7d6e79e-d31b-4d04-b17a-03a10a30b25d","srcEntType":"7747dfd5-368e-40c1-a421-a6cc16cfa7df","tgtEntType":"c1c1245a-31cf-4799-8004-059384457ba9","label":"is_local_theater_of","sireProp":{"tense":null,"modality":null,"clazz":null,"backGroundColor":null,"color":null,"hotkey":null,"active":true},"creationDate":1541956828633,"source":null,"typeType":null,"typeClass":null,"typeVersion":null,"typeDesc":null,"typeSuperType":null,"typeCreateDate":null,"typeUpdateDate":null,"typeProvenance":null,"modifiedDate":0},{"id":"bbc04368-9c3a-4bec-9398-6b89a3c4cba0","srcEntType":"915a4083-b1d8-40d5-b83a-65b06e4a2cc3","tgtEntType":"1d144624-9f30-4364-a2ef-fdf4f89c70c2","label":"is_physical_theater_of","sireProp":{"tense":null,"modality":null,"clazz":null,"backGroundColor":null,"color":null,"hotkey":null,"active":true},"creationDate":1541956856649,"source":null,"typeType":null,"typeClass":null,"typeVersion":null,"typeDesc":null,"typeSuperType":null,"typeCreateDate":null,"typeUpdateDate":null,"typeProvenance":null,"modifiedDate":0},{"id":"5b2513fc-730b-4c0d-97fd-27abe6447e97","srcEntType":"e17ce8c7-6f45-4274-9495-0ea0c2e711c2","tgtEntType":"1d144624-9f30-4364-a2ef-fdf4f89c70c2","label":"is_the_context_of","sireProp":{"tense":null,"modality":null,"clazz":null,"backGroundColor":null,"color":null,"hotkey":null,"active":true},"creationDate":1541957437742,"source":null,"typeType":null,"typeClass":null,"typeVersion":null,"typeDesc":null,"typeSuperType":null,"typeCreateDate":null,"typeUpdateDate":null,"typeProvenance":null,"modifiedDate":0},{"id":"e5718d61-3dd0-4a92-b8dd-4eaa91fefc43","srcEntType":"73c5a607-98ae-46fc-8171-ba9a78103f1c","tgtEntType":"7e374687-cdc1-4cb3-bea4-7c1920602680","label":"is_a_version_of","sireProp":{"tense":null,"modality":null,"clazz":null,"backGroundColor":null,"color":null,"hotkey":null,"active":true},"creationDate":1541958800686,"source":null,"typeType":null,"typeClass":null,"typeVersion":null,"typeDesc":null,"typeSuperType":null,"typeCreateDate":null,"typeUpdateDate":null,"typeProvenance":null,"modifiedDate":0},{"id":"648ace8f-6088-45b3-bb0f-2f26269fc6bc","srcEntType":"8844d856-3e85-414f-8c85-880579873a60","tgtEntType":"7e374687-cdc1-4cb3-bea4-7c1920602680","label":"is_a_vendor_of","sireProp":{"tense":null,"modality":null,"clazz":null,"backGroundColor":null,"color":null,"hotkey":null,"active":true},"creationDate":1541958778419,"source":null,"typeType":null,"typeClass":null,"typeVersion":null,"typeDesc":null,"typeSuperType":null,"typeCreateDate":null,"typeUpdateDate":null,"typeProvenance":null,"modifiedDate":0},{"id":"c3e67249-175f-41ae-abaa-74c083affc76","srcEntType":"d0ecd7b5-61d0-41ca-8baa-89f0664ea16b","tgtEntType":"d0ecd7b5-61d0-41ca-8baa-89f0664ea16b","label":"is_relevant_to","sireProp":{"tense":null,"modality":null,"clazz":null,"backGroundColor":null,"color":null,"hotkey":null,"active":true},"creationDate":1542242366541,"source":null,"typeType":null,"typeClass":null,"typeVersion":null,"typeDesc":null,"typeSuperType":null,"typeCreateDate":null,"typeUpdateDate":null,"typeProvenance":null,"modifiedDate":0},{"id":"7ae9ec2d-257c-42ca-9b7c-4bc50c98ac13","srcEntType":"ed98c0df-23ad-44bc-a60e-0c3a6a1cb107","tgtEntType":"1d144624-9f30-4364-a2ef-fdf4f89c70c2","label":"is_the_context_of","sireProp":{"tense":null,"modality":null,"clazz":null,"backGroundColor":null,"color":null,"hotkey":null,"active":true},"creationDate":1541957437742,"source":null,"typeType":null,"typeClass":null,"typeVersion":null,"typeDesc":null,"typeSuperType":null,"typeCreateDate":null,"typeUpdateDate":null,"typeProvenance":null,"modifiedDate":0},{"id":"134f55b8-6202-43ac-852c-59e7ac4d71c6","srcEntType":"e7a5c640-d7a2-43fb-8ae6-fbef4e6e0cbc","tgtEntType":"1d144624-9f30-4364-a2ef-fdf4f89c70c2","label":"is_the_context_of","sireProp":{"tense":null,"modality":null,"clazz":null,"backGroundColor":null,"color":null,"hotkey":null,"active":true},"creationDate":1541957437742,"source":null,"typeType":null,"typeClass":null,"typeVersion":null,"typeDesc":null,"typeSuperType":null,"typeCreateDate":null,"typeUpdateDate":null,"typeProvenance":null,"modifiedDate":0},{"id":"eb66f739-3b4f-4877-8947-e71562f2c9dd","srcEntType":"9e8cd692-5438-4c44-8b06-a5f5f40d4b18","tgtEntType":"1d144624-9f30-4364-a2ef-fdf4f89c70c2","label":"contribute_to_VUL","sireProp":{"tense":null,"modality":null,"clazz":null,"backGroundColor":null,"color":null,"hotkey":null,"active":true},"creationDate":1541956465476,"source":null,"typeType":null,"typeClass":null,"typeVersion":null,"typeDesc":null,"typeSuperType":null,"typeCreateDate":null,"typeUpdateDate":null,"typeProvenance":null,"modifiedDate":0},{"id":"98f3853b-a802-4949-8648-1d7742ea55f6","srcEntType":"f40ec421-446d-4fcc-bc85-338ff856f8c3","tgtEntType":"d0ecd7b5-61d0-41ca-8baa-89f0664ea16b","label":"confirms_","sireProp":{"tense":null,"modality":null,"clazz":null,"backGroundColor":null,"color":null,"hotkey":null,"active":false},"creationDate":1542242415415,"source":null,"typeType":null,"typeClass":null,"typeVersion":null,"typeDesc":null,"typeSuperType":null,"typeCreateDate":null,"typeUpdateDate":null,"typeProvenance":null,"modifiedDate":0},{"id":"138b6d85-0c49-44e9-a625-f8f37f16fff4","srcEntType":"1341c1ab-1fef-4caf-93d3-b6e9b73f14b0","tgtEntType":"93bc6558-b6ed-4a8a-bc42-ed02b75f2359","label":"is_the_privilege_level_of","sireProp":{"tense":null,"modality":null,"clazz":null,"backGroundColor":null,"color":null,"hotkey":null,"active":true},"creationDate":1541957699222,"source":null,"typeType":null,"typeClass":null,"typeVersion":null,"typeDesc":null,"typeSuperType":null,"typeCreateDate":null,"typeUpdateDate":null,"typeProvenance":null,"modifiedDate":0},{"id":"12b36d9f-e870-4b90-aa12-f425c1bbc4bb","srcEntType":"5841d109-4f92-4764-af0d-6352487e988b","tgtEntType":"1d144624-9f30-4364-a2ef-fdf4f89c70c2","label":"is_the_barrier_of","sireProp":{"tense":null,"modality":null,"clazz":null,"backGroundColor":null,"color":null,"hotkey":null,"active":true},"creationDate":1541957660891,"source":null,"typeType":null,"typeClass":null,"typeVersion":null,"typeDesc":null,"typeSuperType":null,"typeCreateDate":null,"typeUpdateDate":null,"typeProvenance":null,"modifiedDate":0},{"id":"48258548-ba8b-44e1-adbd-f6a85c8f0f84","srcEntType":"f40ec421-446d-4fcc-bc85-338ff856f8c3","tgtEntType":"d0ecd7b5-61d0-41ca-8baa-89f0664ea16b","label":"weaken_","sireProp":{"tense":null,"modality":null,"clazz":null,"backGroundColor":null,"color":null,"hotkey":null,"active":false},"creationDate":1542242444070,"source":null,"typeType":null,"typeClass":null,"typeVersion":null,"typeDesc":null,"typeSuperType":null,"typeCreateDate":null,"typeUpdateDate":null,"typeProvenance":null,"modifiedDate":0},{"id":"abe2481b-b846-47d1-855b-ef39f282ed9b","srcEntType":"93bc6558-b6ed-4a8a-bc42-ed02b75f2359","tgtEntType":"1d144624-9f30-4364-a2ef-fdf4f89c70c2","label":"is_the_barrier_of","sireProp":{"tense":null,"modality":null,"clazz":null,"backGroundColor":null,"color":null,"hotkey":null,"active":true},"creationDate":1541957660891,"source":null,"typeType":null,"typeClass":null,"typeVersion":null,"typeDesc":null,"typeSuperType":null,"typeCreateDate":null,"typeUpdateDate":null,"typeProvenance":null,"modifiedDate":0},{"id":"0104f012-0ca0-4f52-a71f-bbe54eedfcd8","srcEntType":"4edb1670-164a-4fa0-9945-23de2fae878a","tgtEntType":"c1c1245a-31cf-4799-8004-059384457ba9","label":"is_the_impact_of","sireProp":{"tense":null,"modality":null,"clazz":null,"backGroundColor":null,"color":null,"hotkey":null,"active":true},"creationDate":1541957576319,"source":null,"typeType":null,"typeClass":null,"typeVersion":null,"typeDesc":null,"typeSuperType":null,"typeCreateDate":null,"typeUpdateDate":null,"typeProvenance":null,"modifiedDate":0},{"id":"52ecc600-e81c-4288-9711-07fccccf552d","srcEntType":"4015cb50-e974-422f-8500-dc84581f119a","tgtEntType":"4015cb50-e974-422f-8500-dc84581f119a","label":"is_relevant_to","sireProp":{"tense":null,"modality":null,"clazz":null,"backGroundColor":null,"color":null,"hotkey":null,"active":true},"creationDate":1542242366541,"source":null,"typeType":null,"typeClass":null,"typeVersion":null,"typeDesc":null,"typeSuperType":null,"typeCreateDate":null,"typeUpdateDate":null,"typeProvenance":null,"modifiedDate":0},{"id":"8f43b55a-72b4-4ff9-8ad7-3e670a4f9abc","srcEntType":"39305f25-37f8-4e7f-9542-784f9f991b82","tgtEntType":"1d144624-9f30-4364-a2ef-fdf4f89c70c2","label":"is_the_barrier_of","sireProp":{"tense":null,"modality":null,"clazz":null,"backGroundColor":null,"color":null,"hotkey":null,"active":true},"creationDate":1541957660891,"source":null,"typeType":null,"typeClass":null,"typeVersion":null,"typeDesc":null,"typeSuperType":null,"typeCreateDate":null,"typeUpdateDate":null,"typeProvenance":null,"modifiedDate":0},{"id":"7bfc1829-fedf-4d86-a9ec-b0d9b444d833","srcEntType":"f40ec421-446d-4fcc-bc85-338ff856f8c3","tgtEntType":"4015cb50-e974-422f-8500-dc84581f119a","label":"confirms_","sireProp":{"tense":null,"modality":null,"clazz":null,"backGroundColor":null,"color":null,"hotkey":null,"active":false},"creationDate":1542242415415,"source":null,"typeType":null,"typeClass":null,"typeVersion":null,"typeDesc":null,"typeSuperType":null,"typeCreateDate":null,"typeUpdateDate":null,"typeProvenance":null,"modifiedDate":0},{"id":"bc57e9cf-6401-4dec-803e-276f4b44ed69","srcEntType":"db20cd7a-e2c0-47a6-bcb7-e0c7dc75d2d6","tgtEntType":"1d144624-9f30-4364-a2ef-fdf4f89c70c2","label":"is_the_barrier_of","sireProp":{"tense":null,"modality":null,"clazz":null,"backGroundColor":null,"color":null,"hotkey":null,"active":true},"creationDate":1541957660891,"source":null,"typeType":null,"typeClass":null,"typeVersion":null,"typeDesc":null,"typeSuperType":null,"typeCreateDate":null,"typeUpdateDate":null,"typeProvenance":null,"modifiedDate":0},{"id":"df90d4d5-fdc1-483c-b5d9-d7a2a7ef80a4","srcEntType":"ed98c0df-23ad-44bc-a60e-0c3a6a1cb107","tgtEntType":"c1c1245a-31cf-4799-8004-059384457ba9","label":"is_the_context_of","sireProp":{"tense":null,"modality":null,"clazz":null,"backGroundColor":null,"color":null,"hotkey":null,"active":true},"creationDate":1541957437743,"source":null,"typeType":null,"typeClass":null,"typeVersion":null,"typeDesc":null,"typeSuperType":null,"typeCreateDate":null,"typeUpdateDate":null,"typeProvenance":null,"modifiedDate":0},{"id":"be03c2ff-638d-4ec3-982a-f4bc0fd90ee7","srcEntType":"fe98e85e-68c5-4ea7-b228-f2f15a34e711","tgtEntType":"c1c1245a-31cf-4799-8004-059384457ba9","label":"is_the_context_of","sireProp":{"tense":null,"modality":null,"clazz":null,"backGroundColor":null,"color":null,"hotkey":null,"active":true},"creationDate":1541957437742,"source":null,"typeType":null,"typeClass":null,"typeVersion":null,"typeDesc":null,"typeSuperType":null,"typeCreateDate":null,"typeUpdateDate":null,"typeProvenance":null,"modifiedDate":0},{"id":"2874d768-2642-415b-9db3-677dd6a04777","srcEntType":"db20cd7a-e2c0-47a6-bcb7-e0c7dc75d2d6","tgtEntType":"c1c1245a-31cf-4799-8004-059384457ba9","label":"is_the_barrier_of","sireProp":{"tense":null,"modality":null,"clazz":null,"backGroundColor":null,"color":null,"hotkey":null,"active":true},"creationDate":1541957660891,"source":null,"typeType":null,"typeClass":null,"typeVersion":null,"typeDesc":null,"typeSuperType":null,"typeCreateDate":null,"typeUpdateDate":null,"typeProvenance":null,"modifiedDate":0},{"id":"7d6699a0-b829-449c-a153-f9760117b20f","srcEntType":"7c509cad-8e0d-44c3-9bba-c7ca3a37c4c5","tgtEntType":"1d144624-9f30-4364-a2ef-fdf4f89c70c2","label":"is_the_barrier_of","sireProp":{"tense":null,"modality":null,"clazz":null,"backGroundColor":null,"color":null,"hotkey":null,"active":true},"creationDate":1541957660891,"source":null,"typeType":null,"typeClass":null,"typeVersion":null,"typeDesc":null,"typeSuperType":null,"typeCreateDate":null,"typeUpdateDate":null,"typeProvenance":null,"modifiedDate":0},{"id":"ef709949-a825-4a45-8bf6-6c3d76cad4b2","srcEntType":"fe98e85e-68c5-4ea7-b228-f2f15a34e711","tgtEntType":"1d144624-9f30-4364-a2ef-fdf4f89c70c2","label":"is_the_context_of","sireProp":{"tense":null,"modality":null,"clazz":null,"backGroundColor":null,"color":null,"hotkey":null,"active":true},"creationDate":1541957437742,"source":null,"typeType":null,"typeClass":null,"typeVersion":null,"typeDesc":null,"typeSuperType":null,"typeCreateDate":null,"typeUpdateDate":null,"typeProvenance":null,"modifiedDate":0},{"id":"fec9a773-d060-4e8b-a50e-2943251239cf","srcEntType":"c1c1245a-31cf-4799-8004-059384457ba9","tgtEntType":"1d144624-9f30-4364-a2ef-fdf4f89c70c2","label":"contribute_to_VUL","sireProp":{"tense":null,"modality":null,"clazz":null,"backGroundColor":null,"color":null,"hotkey":null,"active":true},"creationDate":1541955827419,"source":null,"typeType":null,"typeClass":null,"typeVersion":null,"typeDesc":null,"typeSuperType":null,"typeCreateDate":null,"typeUpdateDate":null,"typeProvenance":null,"modifiedDate":0},{"id":"16bd9615-ba3a-4afb-8f23-a4cd3fcdad4c","srcEntType":"e2dc5003-7c46-4dab-9124-ce5cd669159e","tgtEntType":"1d144624-9f30-4364-a2ef-fdf4f89c70c2","label":"is_the_barrier_of","sireProp":{"tense":null,"modality":null,"clazz":null,"backGroundColor":null,"color":null,"hotkey":null,"active":true},"creationDate":1541957660891,"source":null,"typeType":null,"typeClass":null,"typeVersion":null,"typeDesc":null,"typeSuperType":null,"typeCreateDate":null,"typeUpdateDate":null,"typeProvenance":null,"modifiedDate":0},{"id":"31fe1ccd-8172-4ff4-98a3-518a42609cf4","srcEntType":"7e374687-cdc1-4cb3-bea4-7c1920602680","tgtEntType":"1d144624-9f30-4364-a2ef-fdf4f89c70c2","label":"contribute_to_VUL","sireProp":{"tense":null,"modality":null,"clazz":null,"backGroundColor":null,"color":null,"hotkey":null,"active":true},"creationDate":1542209216858,"source":null,"typeType":null,"typeClass":null,"typeVersion":null,"typeDesc":null,"typeSuperType":null,"typeCreateDate":null,"typeUpdateDate":null,"typeProvenance":null,"modifiedDate":0},{"id":"ae483a3a-60dd-4ba6-bb35-070eb039c349","srcEntType":"3a9abfd2-595f-4e5c-9da0-8cedc7f5fed1","tgtEntType":"1d144624-9f30-4364-a2ef-fdf4f89c70c2","label":"is_the_context_of","sireProp":{"tense":null,"modality":null,"clazz":null,"backGroundColor":null,"color":null,"hotkey":null,"active":true},"creationDate":1541957437742,"source":null,"typeType":null,"typeClass":null,"typeVersion":null,"typeDesc":null,"typeSuperType":null,"typeCreateDate":null,"typeUpdateDate":null,"typeProvenance":null,"modifiedDate":0},{"id":"c4049a7a-ac4d-4d38-b906-0cc5e32b6722","srcEntType":"f40ec421-446d-4fcc-bc85-338ff856f8c3","tgtEntType":"4015cb50-e974-422f-8500-dc84581f119a","label":"weaken_","sireProp":{"tense":null,"modality":null,"clazz":null,"backGroundColor":null,"color":null,"hotkey":null,"active":false},"creationDate":1542242444070,"source":null,"typeType":null,"typeClass":null,"typeVersion":null,"typeDesc":null,"typeSuperType":null,"typeCreateDate":null,"typeUpdateDate":null,"typeProvenance":null,"modifiedDate":0},{"id":"2e842062-9828-4b24-a286-4d8c58ff0a49","srcEntType":"e7a5c640-d7a2-43fb-8ae6-fbef4e6e0cbc","tgtEntType":"c1c1245a-31cf-4799-8004-059384457ba9","label":"is_the_context_of","sireProp":{"tense":null,"modality":null,"clazz":null,"backGroundColor":null,"color":null,"hotkey":null,"active":true},"creationDate":1541957437742,"source":null,"typeType":null,"typeClass":null,"typeVersion":null,"typeDesc":null,"typeSuperType":null,"typeCreateDate":null,"typeUpdateDate":null,"typeProvenance":null,"modifiedDate":0},{"id":"cb6ac9d8-44b5-4720-bce7-7f703937b5fe","srcEntType":"a6c11ffe-2275-45ad-a355-c598556f1b82","tgtEntType":"c1c1245a-31cf-4799-8004-059384457ba9","label":"is_the_impact_of","sireProp":{"tense":null,"modality":null,"clazz":null,"backGroundColor":null,"color":null,"hotkey":null,"active":true},"creationDate":1541957576319,"source":null,"typeType":null,"typeClass":null,"typeVersion":null,"typeDesc":null,"typeSuperType":null,"typeCreateDate":null,"typeUpdateDate":null,"typeProvenance":null,"modifiedDate":0},{"id":"dc15ecc9-9ee6-4e12-8f81-b949132983ec","srcEntType":"7747dfd5-368e-40c1-a421-a6cc16cfa7df","tgtEntType":"1d144624-9f30-4364-a2ef-fdf4f89c70c2","label":"is_local_theater_of","sireProp":{"tense":null,"modality":null,"clazz":null,"backGroundColor":null,"color":null,"hotkey":null,"active":true},"creationDate":1541956828633,"source":null,"typeType":null,"typeClass":null,"typeVersion":null,"typeDesc":null,"typeSuperType":null,"typeCreateDate":null,"typeUpdateDate":null,"typeProvenance":null,"modifiedDate":0},{"id":"7caf73f1-e6b1-40bb-a8f0-5b3644da10a5","srcEntType":"df1209a3-cae4-4d4d-9ce9-6366d0afe915","tgtEntType":"1d144624-9f30-4364-a2ef-fdf4f89c70c2","label":"is_the_context_of","sireProp":{"tense":null,"modality":null,"clazz":null,"backGroundColor":null,"color":null,"hotkey":null,"active":true},"creationDate":1541957437742,"source":null,"typeType":null,"typeClass":null,"typeVersion":null,"typeDesc":null,"typeSuperType":null,"typeCreateDate":null,"typeUpdateDate":null,"typeProvenance":null,"modifiedDate":0},{"id":"45881622-6b79-4252-9f1b-6b26a3ecf1ab","srcEntType":"4015cb50-e974-422f-8500-dc84581f119a","tgtEntType":"d0ecd7b5-61d0-41ca-8baa-89f0664ea16b","label":"is_relevant_to","sireProp":{"tense":null,"modality":null,"clazz":null,"backGroundColor":null,"color":null,"hotkey":null,"active":true},"creationDate":1542242366541,"source":null,"typeType":null,"typeClass":null,"typeVersion":null,"typeDesc":null,"typeSuperType":null,"typeCreateDate":null,"typeUpdateDate":null,"typeProvenance":null,"modifiedDate":0},{"id":"3cc0df23-5472-42b3-9b92-c01b5c9c9643","srcEntType":"e2dc5003-7c46-4dab-9124-ce5cd669159e","tgtEntType":"c1c1245a-31cf-4799-8004-059384457ba9","label":"is_the_barrier_of","sireProp":{"tense":null,"modality":null,"clazz":null,"backGroundColor":null,"color":null,"hotkey":null,"active":true},"creationDate":1541957660891,"source":null,"typeType":null,"typeClass":null,"typeVersion":null,"typeDesc":null,"typeSuperType":null,"typeCreateDate":null,"typeUpdateDate":null,"typeProvenance":null,"modifiedDate":0},{"id":"62ff70fd-28db-4bf4-bab6-77e5b0d9d8ca","srcEntType":"64981c1a-f1e2-4adb-8df5-37edba20e524","tgtEntType":"c1c1245a-31cf-4799-8004-059384457ba9","label":"is_the_context_of","sireProp":{"tense":null,"modality":null,"clazz":null,"backGroundColor":null,"color":null,"hotkey":null,"active":true},"creationDate":1541957437742,"source":null,"typeType":null,"typeClass":null,"typeVersion":null,"typeDesc":null,"typeSuperType":null,"typeCreateDate":null,"typeUpdateDate":null,"typeProvenance":null,"modifiedDate":0},{"id":"6f10701a-2f81-4d80-be58-f06c153eae2f","srcEntType":"4edb1670-164a-4fa0-9945-23de2fae878a","tgtEntType":"1d144624-9f30-4364-a2ef-fdf4f89c70c2","label":"is_the_impact_of","sireProp":{"tense":null,"modality":null,"clazz":null,"backGroundColor":null,"color":null,"hotkey":null,"active":true},"creationDate":1541957576319,"source":null,"typeType":null,"typeClass":null,"typeVersion":null,"typeDesc":null,"typeSuperType":null,"typeCreateDate":null,"typeUpdateDate":null,"typeProvenance":null,"modifiedDate":0},{"id":"80e833dd-b18c-4c31-991f-e598bbf9b7f1","srcEntType":"db20cd7a-e2c0-47a6-bcb7-e0c7dc75d2d6","tgtEntType":"1d144624-9f30-4364-a2ef-fdf4f89c70c2","label":"contribute_to_VUL","sireProp":{"tense":null,"modality":null,"clazz":null,"backGroundColor":null,"color":null,"hotkey":null,"active":true},"creationDate":1541956403508,"source":null,"typeType":null,"typeClass":null,"typeVersion":null,"typeDesc":null,"typeSuperType":null,"typeCreateDate":null,"typeUpdateDate":null,"typeProvenance":null,"modifiedDate":0},{"id":"1e579259-763b-4e4d-8b05-9a84d8bde7a2","srcEntType":"0baa001f-977c-489c-a73f-2f1e09624fa5","tgtEntType":"1d144624-9f30-4364-a2ef-fdf4f89c70c2","label":"contribute_to_VUL","sireProp":{"tense":null,"modality":null,"clazz":null,"backGroundColor":null,"color":null,"hotkey":null,"active":true},"creationDate":1541956465476,"source":null,"typeType":null,"typeClass":null,"typeVersion":null,"typeDesc":null,"typeSuperType":null,"typeCreateDate":null,"typeUpdateDate":null,"typeProvenance":null,"modifiedDate":0},{"id":"c3c94e59-3892-415c-af99-c4dd9ca2fe5a","srcEntType":"64981c1a-f1e2-4adb-8df5-37edba20e524","tgtEntType":"1d144624-9f30-4364-a2ef-fdf4f89c70c2","label":"is_the_context_of","sireProp":{"tense":null,"modality":null,"clazz":null,"backGroundColor":null,"color":null,"hotkey":null,"active":true},"creationDate":1541957437742,"source":null,"typeType":null,"typeClass":null,"typeVersion":null,"typeDesc":null,"typeSuperType":null,"typeCreateDate":null,"typeUpdateDate":null,"typeProvenance":null,"modifiedDate":0},{"id":"b05c9079-c717-46eb-90d8-d1c4ae7fb123","srcEntType":"ef5a485c-154e-4587-8fb8-4814deea8d97","tgtEntType":"c1c1245a-31cf-4799-8004-059384457ba9","label":"is_the_impact_of","sireProp":{"tense":null,"modality":null,"clazz":null,"backGroundColor":null,"color":null,"hotkey":null,"active":true},"creationDate":1541957576319,"source":null,"typeType":null,"typeClass":null,"typeVersion":null,"typeDesc":null,"typeSuperType":null,"typeCreateDate":null,"typeUpdateDate":null,"typeProvenance":null,"modifiedDate":0},{"id":"e2277e5b-9683-4d5c-8171-3f1739e1f635","srcEntType":"a6c11ffe-2275-45ad-a355-c598556f1b82","tgtEntType":"1d144624-9f30-4364-a2ef-fdf4f89c70c2","label":"is_the_impact_of","sireProp":{"tense":null,"modality":null,"clazz":null,"backGroundColor":null,"color":null,"hotkey":null,"active":true},"creationDate":1541957576318,"source":null,"typeType":null,"typeClass":null,"typeVersion":null,"typeDesc":null,"typeSuperType":null,"typeCreateDate":null,"typeUpdateDate":null,"typeProvenance":null,"modifiedDate":0},{"id":"82084447-59c8-46f7-9a11-90e1d3dd0066","srcEntType":"7db5fd99-d5b9-4d29-a410-64984fefbe14","tgtEntType":"c1c1245a-31cf-4799-8004-059384457ba9","label":"is_the_barrier_of","sireProp":{"tense":null,"modality":null,"clazz":null,"backGroundColor":null,"color":null,"hotkey":null,"active":true},"creationDate":1541957660891,"source":null,"typeType":null,"typeClass":null,"typeVersion":null,"typeDesc":null,"typeSuperType":null,"typeCreateDate":null,"typeUpdateDate":null,"typeProvenance":null,"modifiedDate":0},{"id":"e40768e1-6c6f-48cd-9467-667713074ac5","srcEntType":"915a4083-b1d8-40d5-b83a-65b06e4a2cc3","tgtEntType":"1d144624-9f30-4364-a2ef-fdf4f89c70c2","label":"contribute_to_VUL","sireProp":{"tense":null,"modality":null,"clazz":null,"backGroundColor":null,"color":null,"hotkey":null,"active":true},"creationDate":1541956465476,"source":null,"typeType":null,"typeClass":null,"typeVersion":null,"typeDesc":null,"typeSuperType":null,"typeCreateDate":null,"typeUpdateDate":null,"typeProvenance":null,"modifiedDate":0},{"id":"87dc8f25-594f-4af6-9ecf-c2b33104ee49","srcEntType":"df1209a3-cae4-4d4d-9ce9-6366d0afe915","tgtEntType":"c1c1245a-31cf-4799-8004-059384457ba9","label":"is_the_context_of","sireProp":{"tense":null,"modality":null,"clazz":null,"backGroundColor":null,"color":null,"hotkey":null,"active":true},"creationDate":1541957437742,"source":null,"typeType":null,"typeClass":null,"typeVersion":null,"typeDesc":null,"typeSuperType":null,"typeCreateDate":null,"typeUpdateDate":null,"typeProvenance":null,"modifiedDate":0},{"id":"e2cd2bee-02cb-4ff1-9da4-e76c162358c5","srcEntType":"e17ce8c7-6f45-4274-9495-0ea0c2e711c2","tgtEntType":"c1c1245a-31cf-4799-8004-059384457ba9","label":"is_the_context_of","sireProp":{"tense":null,"modality":null,"clazz":null,"backGroundColor":null,"color":null,"hotkey":null,"active":true},"creationDate":1541957437742,"source":null,"typeType":null,"typeClass":null,"typeVersion":null,"typeDesc":null,"typeSuperType":null,"typeCreateDate":null,"typeUpdateDate":null,"typeProvenance":null,"modifiedDate":0},{"id":"a5970c0b-5161-4585-b6c2-260569f2c058","srcEntType":"5ddff2ca-96be-4769-8cb9-5ea7efe7a02e","tgtEntType":"1d144624-9f30-4364-a2ef-fdf4f89c70c2","label":"is_the_entity_role_of","sireProp":{"tense":null,"modality":null,"clazz":null,"backGroundColor":null,"color":null,"hotkey":null,"active":true},"creationDate":1541957489269,"source":null,"typeType":null,"typeClass":null,"typeVersion":null,"typeDesc":null,"typeSuperType":null,"typeCreateDate":null,"typeUpdateDate":null,"typeProvenance":null,"modifiedDate":0},{"id":"cdeb840a-8f47-4aa8-99de-4250487cf2ea","srcEntType":"39305f25-37f8-4e7f-9542-784f9f991b82","tgtEntType":"c1c1245a-31cf-4799-8004-059384457ba9","label":"is_the_barrier_of","sireProp":{"tense":null,"modality":null,"clazz":null,"backGroundColor":null,"color":null,"hotkey":null,"active":true},"creationDate":1541957660891,"source":null,"typeType":null,"typeClass":null,"typeVersion":null,"typeDesc":null,"typeSuperType":null,"typeCreateDate":null,"typeUpdateDate":null,"typeProvenance":null,"modifiedDate":0},{"id":"619bb521-629f-43a1-ab0a-d843616fd817","srcEntType":"0baa001f-977c-489c-a73f-2f1e09624fa5","tgtEntType":"1d144624-9f30-4364-a2ef-fdf4f89c70c2","label":"is_remote_threater_of","sireProp":{"tense":null,"modality":null,"clazz":null,"backGroundColor":null,"color":null,"hotkey":null,"active":true},"creationDate":1541956763402,"source":null,"typeType":null,"typeClass":null,"typeVersion":null,"typeDesc":null,"typeSuperType":null,"typeCreateDate":null,"typeUpdateDate":null,"typeProvenance":null,"modifiedDate":0},{"id":"f4743b8e-5214-4673-b9bb-f63d915d18cc","srcEntType":"8844d856-3e85-414f-8c85-880579873a60","tgtEntType":"1d144624-9f30-4364-a2ef-fdf4f89c70c2","label":"contribute_to_VUL","sireProp":{"tense":null,"modality":null,"clazz":null,"backGroundColor":null,"color":null,"hotkey":null,"active":true},"creationDate":1542209216858,"source":null,"typeType":null,"typeClass":null,"typeVersion":null,"typeDesc":null,"typeSuperType":null,"typeCreateDate":null,"typeUpdateDate":null,"typeProvenance":null,"modifiedDate":0},{"id":"f5644957-9f42-4747-8c01-afdcec26b048","srcEntType":"9e8cd692-5438-4c44-8b06-a5f5f40d4b18","tgtEntType":"c1c1245a-31cf-4799-8004-059384457ba9","label":"is_limited_remote_theater_of","sireProp":{"tense":null,"modality":null,"clazz":null,"backGroundColor":null,"color":null,"hotkey":null,"active":true},"creationDate":1541956790098,"source":null,"typeType":null,"typeClass":null,"typeVersion":null,"typeDesc":null,"typeSuperType":null,"typeCreateDate":null,"typeUpdateDate":null,"typeProvenance":null,"modifiedDate":0},{"id":"219e6a75-9fed-48a3-88b8-bb1574babbe5","srcEntType":"93bc6558-b6ed-4a8a-bc42-ed02b75f2359","tgtEntType":"c1c1245a-31cf-4799-8004-059384457ba9","label":"is_the_barrier_of","sireProp":{"tense":null,"modality":null,"clazz":null,"backGroundColor":null,"color":null,"hotkey":null,"active":true},"creationDate":1541957660891,"source":null,"typeType":null,"typeClass":null,"typeVersion":null,"typeDesc":null,"typeSuperType":null,"typeCreateDate":null,"typeUpdateDate":null,"typeProvenance":null,"modifiedDate":0},{"id":"931bb2ea-9195-421e-8c74-5a6deeca752f","srcEntType":"84fd46f9-9ce4-4227-ad82-80fcc7ce03f9","tgtEntType":"1d144624-9f30-4364-a2ef-fdf4f89c70c2","label":"is_status_of","sireProp":{"tense":null,"modality":null,"clazz":null,"backGroundColor":null,"color":null,"hotkey":null,"active":true},"creationDate":1544223954246,"source":null,"typeType":null,"typeClass":null,"typeVersion":null,"typeDesc":null,"typeSuperType":null,"typeCreateDate":null,"typeUpdateDate":null,"typeProvenance":null,"modifiedDate":0},{"id":"a42116e9-e39a-439e-9bfa-b81758f60b3e","srcEntType":"49caac43-3339-4e3b-9804-95e7d6e50590","tgtEntType":"1d144624-9f30-4364-a2ef-fdf4f89c70c2","label":"is_the_context_of","sireProp":{"tense":null,"modality":null,"clazz":null,"backGroundColor":null,"color":null,"hotkey":null,"active":true},"creationDate":1541956917506,"source":null,"typeType":null,"typeClass":null,"typeVersion":null,"typeDesc":null,"typeSuperType":null,"typeCreateDate":null,"typeUpdateDate":null,"typeProvenance":null,"modifiedDate":0},{"id":"1d398ea8-e76b-457f-8d9d-214f0e9106b1","srcEntType":"5ddff2ca-96be-4769-8cb9-5ea7efe7a02e","tgtEntType":"c1c1245a-31cf-4799-8004-059384457ba9","label":"is_the_entity_role_of","sireProp":{"tense":null,"modality":null,"clazz":null,"backGroundColor":null,"color":null,"hotkey":null,"active":true},"creationDate":1541957489269,"source":null,"typeType":null,"typeClass":null,"typeVersion":null,"typeDesc":null,"typeSuperType":null,"typeCreateDate":null,"typeUpdateDate":null,"typeProvenance":null,"modifiedDate":0},{"id":"071e1ec9-cf34-4c6c-9e47-ea58b3cea149","srcEntType":"0baa001f-977c-489c-a73f-2f1e09624fa5","tgtEntType":"c1c1245a-31cf-4799-8004-059384457ba9","label":"is_remote_threater_of","sireProp":{"tense":null,"modality":null,"clazz":null,"backGroundColor":null,"color":null,"hotkey":null,"active":true},"creationDate":1541956763402,"source":null,"typeType":null,"typeClass":null,"typeVersion":null,"typeDesc":null,"typeSuperType":null,"typeCreateDate":null,"typeUpdateDate":null,"typeProvenance":null,"modifiedDate":0},{"id":"8e4e7957-6eb5-4f4b-9ff3-9f88f754998b","srcEntType":"49caac43-3339-4e3b-9804-95e7d6e50590","tgtEntType":"c1c1245a-31cf-4799-8004-059384457ba9","label":"is_the_context_of","sireProp":{"tense":null,"modality":null,"clazz":null,"backGroundColor":null,"color":null,"hotkey":null,"active":true},"creationDate":1541956917506,"source":null,"typeType":null,"typeClass":null,"typeVersion":null,"typeDesc":null,"typeSuperType":null,"typeCreateDate":null,"typeUpdateDate":null,"typeProvenance":null,"modifiedDate":0},{"id":"b8f837cb-b9aa-45a1-a065-fe7527455b26","srcEntType":"d0ecd7b5-61d0-41ca-8baa-89f0664ea16b","tgtEntType":"4015cb50-e974-422f-8500-dc84581f119a","label":"is_relevant_to","sireProp":{"tense":null,"modality":null,"clazz":null,"backGroundColor":null,"color":null,"hotkey":null,"active":true},"creationDate":1542242366541,"source":null,"typeType":null,"typeClass":null,"typeVersion":null,"typeDesc":null,"typeSuperType":null,"typeCreateDate":null,"typeUpdateDate":null,"typeProvenance":null,"modifiedDate":0},{"id":"f75e8ec5-40a9-4b6e-b60a-39e98f4c9c0b","srcEntType":"7747dfd5-368e-40c1-a421-a6cc16cfa7df","tgtEntType":"1d144624-9f30-4364-a2ef-fdf4f89c70c2","label":"contribute_to_VUL","sireProp":{"tense":null,"modality":null,"clazz":null,"backGroundColor":null,"color":null,"hotkey":null,"active":true},"creationDate":1541956465476,"source":null,"typeType":null,"typeClass":null,"typeVersion":null,"typeDesc":null,"typeSuperType":null,"typeCreateDate":null,"typeUpdateDate":null,"typeProvenance":null,"modifiedDate":0},{"id":"18165871-d98a-47af-a52e-b425d5396b3c","srcEntType":"3a9abfd2-595f-4e5c-9da0-8cedc7f5fed1","tgtEntType":"c1c1245a-31cf-4799-8004-059384457ba9","label":"is_the_context_of","sireProp":{"tense":null,"modality":null,"clazz":null,"backGroundColor":null,"color":null,"hotkey":null,"active":true},"creationDate":1541957437742,"source":null,"typeType":null,"typeClass":null,"typeVersion":null,"typeDesc":null,"typeSuperType":null,"typeCreateDate":null,"typeUpdateDate":null,"typeProvenance":null,"modifiedDate":0},{"id":"03be1ecd-4f79-41cd-8ea9-d5e7ca73a412","srcEntType":"49caac43-3339-4e3b-9804-95e7d6e50590","tgtEntType":"1d144624-9f30-4364-a2ef-fdf4f89c70c2","label":"contribute_to_VUL","sireProp":{"tense":null,"modality":null,"clazz":null,"backGroundColor":null,"color":null,"hotkey":null,"active":true},"creationDate":1541956403508,"source":null,"typeType":null,"typeClass":null,"typeVersion":null,"typeDesc":null,"typeSuperType":null,"typeCreateDate":null,"typeUpdateDate":null,"typeProvenance":null,"modifiedDate":0},{"id":"5730f547-757f-4b19-af10-1252018e10d0","srcEntType":"5841d109-4f92-4764-af0d-6352487e988b","tgtEntType":"c1c1245a-31cf-4799-8004-059384457ba9","label":"is_the_barrier_of","sireProp":{"tense":null,"modality":null,"clazz":null,"backGroundColor":null,"color":null,"hotkey":null,"active":true},"creationDate":1541957660891,"source":null,"typeType":null,"typeClass":null,"typeVersion":null,"typeDesc":null,"typeSuperType":null,"typeCreateDate":null,"typeUpdateDate":null,"typeProvenance":null,"modifiedDate":0},{"id":"2e55bc51-cc06-441e-8b87-2dd784224c83","srcEntType":"7db5fd99-d5b9-4d29-a410-64984fefbe14","tgtEntType":"1d144624-9f30-4364-a2ef-fdf4f89c70c2","label":"is_the_barrier_of","sireProp":{"tense":null,"modality":null,"clazz":null,"backGroundColor":null,"color":null,"hotkey":null,"active":true},"creationDate":1541957660891,"source":null,"typeType":null,"typeClass":null,"typeVersion":null,"typeDesc":null,"typeSuperType":null,"typeCreateDate":null,"typeUpdateDate":null,"typeProvenance":null,"modifiedDate":0},{"id":"b308ea95-1ee6-4d30-9ff8-aab512cdf23c","srcEntType":"7c509cad-8e0d-44c3-9bba-c7ca3a37c4c5","tgtEntType":"c1c1245a-31cf-4799-8004-059384457ba9","label":"is_the_barrier_of","sireProp":{"tense":null,"modality":null,"clazz":null,"backGroundColor":null,"color":null,"hotkey":null,"active":true},"creationDate":1541957660891,"source":null,"typeType":null,"typeClass":null,"typeVersion":null,"typeDesc":null,"typeSuperType":null,"typeCreateDate":null,"typeUpdateDate":null,"typeProvenance":null,"modifiedDate":0}],"sireInfo":{"entityProp":{"mentionType":[{"color":"white","hotkey":"1","backGroundColor":"#AA00FF","name":"NAM"},{"color":"black","hotkey":"2","backGroundColor":"#00FF7F","name":"NOM"},{"color":"black","hotkey":"3","backGroundColor":"#AAFFFF","name":"PRO"},{"color":"white","hotkey":"4","backGroundColor":"gray","name":"NONE"}],"subtypes":null,"roles":null,"clazz":[{"color":"#A5A5A5","hotkey":"3","backGroundColor":"white","name":"SPC"},{"color":"black","hotkey":"2","backGroundColor":"#00FF7F","name":"NEG"},{"color":"black","hotkey":"1","backGroundColor":"#AAFFFF","name":"GEN"}],"color":null,"hotkey":null,"backGroundColor":null,"active":true,"roleOnly":false},"relationProp":null},"functionalEntityTypes":[{"id":"CATCH_ALL_ENTITY_ID","label":"*","sireProp":{"mentionType":null,"subtypes":null,"roles":null,"clazz":null,"color":null,"hotkey":null,"backGroundColor":null,"active":true,"roleOnly":false},"creationDate":1541784680775,"source":null,"modifiedDate":0,"typeType":null,"typeClass":null,"typeVersion":null,"typeDesc":null,"typeSuperType":null,"typeSuperTypeId":null,"typeCreateDate":null,"typeUpdateDate":null,"typeProvenance":null,"alchemyAPITypes":null,"nluAPITypes":null}],"pid":"eea97340-f7f9-11e8-a1a1-3f3bba796b64","modified_date":1544453911160,"kgimported":false}